{
  "PUT single /contact/:id" : {
    "transaction" : "PUT single /contact/:id",
    "sampleCount" : 11,
    "errorCount" : 3,
    "errorPct" : 27.272728,
    "meanResTime" : 773.0,
    "medianResTime" : 745.0,
    "minResTime" : 733.0,
    "maxResTime" : 837.0,
    "pct1ResTime" : 836.2,
    "pct2ResTime" : 837.0,
    "pct3ResTime" : 837.0,
    "throughput" : 0.20871281117182758,
    "receivedKBytesPerSec" : 0.19518650149893746,
    "sentKBytesPerSec" : 0.16077779319406496
  },
  "Delete single /contact/:id" : {
    "transaction" : "Delete single /contact/:id",
    "sampleCount" : 11,
    "errorCount" : 3,
    "errorPct" : 27.272728,
    "meanResTime" : 749.5454545454546,
    "medianResTime" : 733.0,
    "minResTime" : 730.0,
    "maxResTime" : 817.0,
    "pct1ResTime" : 808.8000000000001,
    "pct2ResTime" : 817.0,
    "pct3ResTime" : 817.0,
    "throughput" : 0.20874053551435567,
    "receivedKBytesPerSec" : 0.14932805710002467,
    "sentKBytesPerSec" : 0.16141069463157295
  },
  "GET single /contact/:id" : {
    "transaction" : "GET single /contact/:id",
    "sampleCount" : 11,
    "errorCount" : 3,
    "errorPct" : 27.272728,
    "meanResTime" : 747.909090909091,
    "medianResTime" : 733.0,
    "minResTime" : 729.0,
    "maxResTime" : 817.0,
    "pct1ResTime" : 816.6,
    "pct2ResTime" : 817.0,
    "pct3ResTime" : 817.0,
    "throughput" : 0.20865738457452862,
    "receivedKBytesPerSec" : 0.2008957151731856,
    "sentKBytesPerSec" : 0.083951994574908
  },
  "Total" : {
    "transaction" : "Total",
    "sampleCount" : 59,
    "errorCount" : 9,
    "errorPct" : 15.254237,
    "meanResTime" : 1233.3728813559317,
    "medianResTime" : 748.0,
    "minResTime" : 729.0,
    "maxResTime" : 2941.0,
    "pct1ResTime" : 2887.0,
    "pct2ResTime" : 2919.0,
    "pct3ResTime" : 2941.0,
    "throughput" : 0.9639105360322828,
    "receivedKBytesPerSec" : 25.432649304023915,
    "sentKBytesPerSec" : 0.5891858478736787
  },
  "POST create /contact" : {
    "transaction" : "POST create /contact",
    "sampleCount" : 12,
    "errorCount" : 0,
    "errorPct" : 0.0,
    "meanResTime" : 748.2499999999999,
    "medianResTime" : 735.0,
    "minResTime" : 730.0,
    "maxResTime" : 814.0,
    "pct1ResTime" : 800.5,
    "pct2ResTime" : 814.0,
    "pct3ResTime" : 814.0,
    "throughput" : 0.21510773312300577,
    "receivedKBytesPerSec" : 0.23278830038002365,
    "sentKBytesPerSec" : 0.171063864589682
  },
  "GET all /contact" : {
    "transaction" : "GET all /contact",
    "sampleCount" : 12,
    "errorCount" : 0,
    "errorPct" : 0.0,
    "meanResTime" : 2854.5833333333335,
    "medianResTime" : 2879.0,
    "minResTime" : 2716.0,
    "maxResTime" : 2941.0,
    "pct1ResTime" : 2934.4,
    "pct2ResTime" : 2941.0,
    "pct3ResTime" : 2941.0,
    "throughput" : 0.20707149143241704,
    "receivedKBytesPerSec" : 26.099416829519768,
    "sentKBytesPerSec" : 0.07775291841383238
  },
  "Transaction Controller" : {
    "transaction" : "Transaction Controller",
    "sampleCount" : 11,
    "errorCount" : 3,
    "errorPct" : 27.272728,
    "meanResTime" : 5883.0,
    "medianResTime" : 5846.0,
    "minResTime" : 5741.0,
    "maxResTime" : 6080.0,
    "pct1ResTime" : 6079.0,
    "pct2ResTime" : 6080.0,
    "pct3ResTime" : 6080.0,
    "throughput" : 0.19012392623191662,
    "receivedKBytesPerSec" : 24.652358805978533,
    "sentKBytesPerSec" : 0.5932089299911851
  },
  "POST Login User" : {
    "transaction" : "POST Login User",
    "sampleCount" : 2,
    "errorCount" : 0,
    "errorPct" : 0.0,
    "meanResTime" : 2280.0,
    "medianResTime" : 2280.0,
    "minResTime" : 2110.0,
    "maxResTime" : 2450.0,
    "pct1ResTime" : 2450.0,
    "pct2ResTime" : 2450.0,
    "pct3ResTime" : 2450.0,
    "throughput" : 0.07241653993772178,
    "receivedKBytesPerSec" : 0.0900256399811717,
    "sentKBytesPerSec" : 0.022064414512274606
  }
}